<?xml version="1.0" encoding="UTF-8"?>
<?xml-model href="WCC_carloadtable_schema.rnc" type="application/relax-ng-compact-syntax"?>
<?xml-stylesheet type="text/xsl" href="index.xsl"?>
<company>
    <name>Woodbury Clay Co.</name>
    <carloads>
        <carload id="001">
            <kind>outbound</kind>
            <date>1931-04-02</date>
            <car>
                <road>PRR</road>
                <carnum>559022</carnum>
                <class>XL</class>
            </car>
            <shipper>WCC</shipper>
            <consignee>Harbison Walker Refractory Co., Retort PA
            </consignee>
            <lading>FC</lading>
            <docNo>045</docNo>
            <imgref>\images\outbound\C-T-1098\WCC-045_OUT01_1931-04-02.jpg</imgref>
            <geotag>geotag</geotag>
            <desc>description</desc>
        </carload>
        <carload id="002">
            <kind>outbound</kind>
            <date>1931-04-02</date>
            <car>
                <road>PRR</road>
                <carnum>34832</carnum>
                <class>X25</class>
            </car>
            <shipper>WCC</shipper>
            <consignee>Harbison Walker Refractory Co., Harbison Walker No. 8 PA
            </consignee>
            <lading>FC</lading>
            <docNo>045</docNo>
            <imgref>\images\outbound\C-T-1098\WCC-045_OUT01_1931-04-02.jpg</imgref>
            <geotag>geotag</geotag>
            <desc>description</desc>
        </carload>
        <carload id="003">
            <kind>outbound</kind>
            <date>1931-07-31</date>
            <car>
                <road>PRR</road>
                <carnum>564625</carnum>
                <class>X26</class>
            </car>
            <shipper>WCC</shipper>
            <consignee>North American Refractory Co., Mt. Union PA
            </consignee>
            <lading>FC</lading>
            <docNo>046</docNo>
            <imgref>\images\outbound\C-T-1098\WCC-046_OUT02_1931-07-31.jpg</imgref>
            <geotag>geotag</geotag>
            <desc>description</desc>
        </carload>
        <carload id="004">
            <kind>outbound</kind>
            <date>1931-08-04</date>
            <car>
                <road>PRR</road>
                <carnum>536443</carnum>
                <class>XL</class>
            </car>
            <shipper>WCC</shipper>
            <consignee>North American Refractory Co., Mt. Union PA
            </consignee>
            <lading>FC</lading>
            <docNo>047</docNo>
            <imgref>\images\outbound\C-T-1098\WCC-047_OUT03_1931-08-04.jpg</imgref>
            <geotag>geotag</geotag>
            <desc>description</desc>
        </carload>
        <carload id="005">
            <kind>outbound</kind>
            <date>1931-08-07</date>
            <car>
                <road>PRR</road>
                <carnum>560531</carnum>
                <class>XL</class>
            </car>
            <shipper>Thomas Sant &amp; Sons Co.</shipper>
            <consignee>Locke Insulator Co., Port Covington Baltimore MD
            </consignee>
            <routing>via Fulton Jct. MD and WM</routing>
            <lading>FC</lading>
            <docNo>047</docNo>
            <imgref>\images\outbound\C-T-1098\WCC-048_OUT04_1931-08-07.jpg</imgref>
            <geotag>geotag</geotag>
            <desc>description</desc>
        </carload>
        <carload id="113">
            <kind>inbound</kind>
            <date>1925-02-20</date>
            <car>
                <road>UNSPECIFIED</road>
            </car>
            <shipper>Bitner Hunsucker Co???, Allentown PA 2707???</shipper>
            <consignee>WCC</consignee>
            <lading>1 Case Dry Goods (commodity no. 2980?)</lading>
            <docNo>001</docNo>
            <imgref>\images\inbound\WCC-001_IN01_1925-02-20.jpg</imgref>
            <geotag>geotag</geotag>
            <desc>description</desc>
        </carload>
        <carload id="114">
            <kind>inbound</kind>
            <date>1925-02-24</date>
            <car>
                <road>B&amp;O</road>
                <carnum>193229</carnum>
                <class>M15a</class>
            </car>
            <shipper>Fate-Root-Heath Co., Plymouth OH</shipper>
            <consignee>WCC</consignee>
            <lading>1 Gasoline Locomotive (15500 lbs.)</lading>
            <docNo>002</docNo>
            <imgref>\images\inbound\WCC-002_IN02_1925-02-24.jpg</imgref>
            <geotag>geotag</geotag>
            <desc>Shipped in a B&amp;O M-15a furniture boxcar, this locomotive was a small Plymouth (Fate-Root-Heath) 4 wheel switcher in the 10 ton range, model unknown, for use on narrow gauge industrial trackage within the clay mines.
                A photo of it in operation can be seen in the Special Collections Archive of the Penn State University Library, available online here: https://www.flickr.com/photos/pennstatespecial/7026606741/in/album-72157629132251744/</desc>
        </carload>
        <carload id="115">
            <kind>inbound</kind>
            <date>1925-02-26</date>
            <car>
                <road>PRR</road>
                <carnum>13220</carnum>
                <class>XL</class>
            </car>
            <shipper>Comly, Flanigan &amp; Co. (grocers), Vine St. Phila. PA (756)</shipper>
            <consignee>WCC</consignee>
            <lading>3 Cartons Catsup in Glass, 1 Box General Goods, 1 Pail Candy, 1 Box Wash Tablets, 10 Cartons Milk, 3 Bags Sugar, 1 Case Sugar, 1 Case Sugar, 1 Carton Powdered Sugar</lading>
            <docNo>003</docNo>
            <imgref>\images\inbound\WCC-003_IN03_1925-02-26.jpg</imgref>
            <geotag>geotag</geotag>
            <desc>description</desc>
        </carload>
        <carload id="116">
            <kind>inbound</kind>
            <date>1925-03-02</date>
            <car>
                <road>PRR</road>
                <carnum>66303</carnum>
                <class>XL</class>
            </car>
            <shipper>Lippincott &amp; Co., Altoona PA</shipper>
            <consignee>WCC</consignee>
            <lading>1 Carton Strike-Anywhere Matches, 1 Carton Sugar, 4 Cases Cakes</lading>
            <docNo>004</docNo>
            <imgref>\images\inbound\WCC-003_IN03_1925-03-02.jpg</imgref>
            <geotag>geotag</geotag>
            <desc>"Yellow Label" is noted below the carton of matches on the bill, referring to the type of hazardous cargo labels commonly in use at this time. Yellow labels were used for freight that was inflammable, but not liable to explode. CITE THIS WITH SOMETHING</desc>
        </carload>
    </carloads>
</company>